Jane Austen (1775-1817);The Jane Austen Centre, Bath;25 Gay St, Bath BA1, UK;51.38500459999999;-2.3636675;Jane Austen (1775-1817) lived in Bath from 1801 to 1806, on more than one location. She never actually lived at No. 40 Gay Street, the Georgian town house where the Jane Austen Centre currently resides. Austen did however live on No 25 Gay Street, in a house similar to the one that holds the museum. Austen would use Bath as a backdrop for two of her novels, <em>Persuasion</em> (1817) and <em>Northanger Abbey</em> (1818).;South West;Museum
Jane Austen (1775-1817);Stanford Cottage, Worthing;Stanford Cottage, Warwick Street, Worthing BN11 3EZ, United Kingdom;50.81156989999999;-0.3683448;Before moving to Southampton in 1806, Jane Austen (1775-1817) lived in Stanford Cottage in the seaside resort of Worthing, on the Sussex coast. It was in this cottage, now home to a Pizza Express, that Austen supposedly wrote the posthumously published novel <em>Lady Susan</em> (1871).;South East;-
Jane Austen (1775-1817);Jane Austen’s House Museum, Chawton;Winchester Rd, Chawton, Alton GU34 1SD;51.1359894;-0.987134;Jane Austen (1775-1817) lived in Chawton, Hampshire, for the last eight years of her life. In her former house, now the Jane Austen’s House Museum, she wrote and revised almost all her novels. The museum in Chawton is the only Austen related house that is open to public.;South East;Museum (Jane Austen House)
Charlotte Brönte (1816-1855);The Brontë Parsonage Museum, Haworth;Church St, Haworth, Keighley BD22 8DR;53.8312312;-1.9568539;Charlotte Brönte (1816-1855) wrote all her novels, including <em>Jane Eyre</em> (1847), in this house in Haworth, were she moved to in 1820. The house is currently being run by the Brontë Society and famously holds The Brontë Parsonage Museum.;Yorkshire and the Humber;Museum (The Brontë Parsonage Museum)
George Eliot (1819-1880);South Farm, Ansley;Nuneaton Rd, Ansley, Church End, Nuneaton CV10 0QR;52.5315383;-1.5730356;George Eliot (1819-1880) was born in the Warwickshire house South Farm as Mary An Evans. She lived in the house for four months before moving to nearby Griff House. Several of her novels have the Warwickshire countryside surrounding South Farm as their setting. This house is not open as a regular museum and can only be visited on an official guided tour.;West Midlands;Museum
George Eliot (1819-1880);Strand Bridge House, London ;Strand Bridge House, 142 Strand, London WC2R 1HH;51.5113121;-0.118588;Invited by her publisher John Chapman, George Eliot (1819-1880) worked here as an editor for the <em>Westminster Review</em>. Here she met her future lover George Henry Lewes, a married man with whom she would scandalously live.;Greater London;-
George Eliot (1819-1880);Holly Lodge, South Field;Holly Lodge, 33 South Field, SW18;51.454022;-0.1999171;Holly Lodge, a semi-detached house, was home to George Eliot (1819-1880) between February 1859 and September 1860. Here she finished her novel <em>The Mill on the Floss</em> (1860). Both Charles Dickens and Wilkie Collins visited Eliot at Holly Lodge.;Greater London;-
William Makepeace Thackeray (1811-1863);Palace Green, London;2 Palace Green, Kensington, London W8 4QB;51.5031359;-0.1896435;Once described by William Makepeace Thackeray (1811-1863) as the ‘reddest house in all London’, this London house was home to the Calcutta-born author from 1860 to his death in 1863. The Israeli Embassy currently resides in the building.;Greater London;Blue Plaque (English Heritage)
William Makepeace Thackeray (1811-1863);Thackeray's House, Tunbridge Wells;Rock Villa, 85 London Road, TN1 1EA;51.1349818;0.2580691;Born in Calcutta in 1811, William Makepeace Thackeray (1811-1863) first visited the Kentish town of Royal Tunbridge Wells in 1823 as a school boy. In <em>The Virginians</em> (1859) he used the town as the setting for parts of the novel. In 1860, already one of England’s most famous writers, he stayed at Rock Villa, the building that is now known as Thackeray's House, a former Michelin star restaurant.;South East;Named ‘Thackeray House’
Charles Dickens (1812-1870);Tavistock House, London;Tavistock House, Tavistock Square, Kings Cross, London WC1H 9TW;51.52617189999999;-0.1280374;Demolished in 1901 and today home to the headquarters of the British Medical Association, Charles Dickens (1812-1870) lived in Tavistock House from 1851 to 1860 and wrote his novels <em>Bleak House</em>, <em>Hard Times</em>, <em>Little Dorrit</em> and <em>A Tale of Two Cities</em> here.;Greater London;Blue Plaque (English Heritage)
Charles Dickens (1812-1870);Gads Hill Place, Higham;Gads Hill Place, Gravesend Rd, Higham, Rochester ME3 7PA;51.4111779;0.4573244;‘I used to look at it as a wonderful Mansion.’ Charles Dickens (1812-1870) famously first saw Gads Hill Place in 1821, as a 9 year old boy. He remained impressed by the house and bought it in 1856, thirty-five years after first laying eyes on it. In 1857, Dickens was visited here by Danish author and poet Hans Christian Andersen (1805-1875). The house remained Dickens’ country home until his death in 1870. Today the house is an independent school.;South East;-
Charles Dickens (1812-1870);Ossulston Street, London;150 Ossulston St, Kings Cross, London NW1 1EE;51.5320414;-0.130593;Charles Dickens (1812-1870) lived in a house on Polygon - now buried beneath Somers Town Estate - in the 1820s, after the death of his father. Dickens made the Polygon home to Harold Skimpole, a character from his novel <em>Bleak House</em> (1853).;Greater London;-
Oscar Wilde (1854-1900);Tite Street, London;44 Tite St, Chelsea, London SW3;51.4854904;-0.1606832;Oscar Wilde (1854-1900), born in Dublin, Ireland, moved to Tite Street with his wife in 1884, and would write all his plays here as well as <me>The Picture of Dorian Gray</em> (1890), his only novel. He was forced to leave this house in 1895, due to his imprisonment, after which both the house and its interior were auctioned off.;Greater London;Blue Plaque (English Heritage)
Arthur Conan Doyle (1859-1930);Tower Road, Hindhead;Tower Rd, Hindhead GU26;51.1142166;-0.7382118000000001;Undershaw in Hindhead was built especially for Arthur Conan Doyle (1859-1930). The Scottish born writer lived here from 1897 to 1907. Here Doyle wrote many of his works, including the Sherlock Holmes-novel <em>The Hound of the Baskervilles</em> (1902). After Doyle moved out, Undershaw served as an hotel until 2004. Attempts by Holmes-fans to turn the property into a museum failed. Today Undershaw houses Stepping Stones School, a school for children with special needs.;South East;-
Arthur Conan Doyle (1859-1930);Bush House, Portsmouth;Bush House, Elm Grove, Portsmouth, Southsea PO5 1JH;50.79044870000001;-1.0907153;Arthur Conan Doyle (1859-1930) wrote <em>A Study in Scarlet</em> (1887) and <em>The Sign of Four</em> (1890) whilst living in Southsea, a seaside resort in Portsmouth. He arrived there in 1882 to set up a doctor’s practice. Due to lack of patients he was able to write. Unfortunately the property at Bush Villas no longer exists. Following extensive bombing during World War II, many of the historical properties in Elm Grove were destroyed. A plaque commemorates Doyle as a former resident.;South East;Plaque
Arthur Conan Doyle (1859-1930);Windlesham Manor, Crowborough;Windlesham Manor Residential H, Hurtis Hill, Crowborough TN6 3AA;51.0447921;0.154028;Arthur Conan Doyle (1859-1930) moved to Windlesham Manor, now a Residential Care Home, in 1907.  He died here in 1930. Doyle is locally remembered with a statue on Crowborough Cross.;South East;Statue
Thomas Hardy (1840-1928);Hardy’s Cottage, Higher Bockhampton;Hardy’s Cottage, Higher Bockhampton, DT2 8QJ;50.7302313;-2.3899295;Thomas Hardy (1840-1928) was born here in a cottage in Higher Bockhampton. Today the cottage is a museum, called Hardy’s Cottage. The cottage is maintained by the National Trust and open to public.;South West;Museum (National Trust)
Thomas Hardy (1840-1928);Max Gate, Dorchester;Alington Ave, Dorchester DT1 2AB;50.7081396;-2.4199874;Thomas Hardy (1840-1928), trained as an architect in Dorchester, designed and built Max Gate in 1885 and lived there until his death in 1928. In Max Gate he wrote, among other novels, <em>Tess of the d’Urbervilles</em> (1891). In 1940, Hardy’s sister bequeathed the property to the National Trust.;South East;Museum (National Trust)
Lord Byron (1788-1824);Burgage House, Southwell ;Burgage House, King St, Southwell NG25 0EN;53.0787785;-0.9539533;Before becoming that ‘most brilliant star’ of English poetry, Lord Byron (1788-1824) visited Burgage House many times between 1803 and 1807 to see his mother, during his holidays from Harrow and Cambridge. In 1806, Burgage House was the scene of a scandal involving a young Lord Byron, and the daughter of the house, Julia Leacroft.;East Midlands;-
William Wordsworth (1770-1850);Wordsworth House and Garden, Cockermouth;Wordsworth House and Garden, Main St, Cockermouth CA13 9RX;54.6636075;-3.3679906;William Wordsworth (1770-1850) was born in what is now known as Wordsworth House, a house in the Lake District. The Georgian townhouse, now in the hands of the National Trust, was home to Wordsworth during the 1770s.;North West;Museum (National Trust)
William Wordsworth (1770-1850);Alfoxton House, Bridgewater;Alfoxton House, Bridgewater TA5;51.1638;-3.2085;William Wordsworth (1770-1850) lived at Alfoxton House between July 1797 and June 1798, during the time of his friendship with fellow poet Samuel Taylor Coleridge. The house was home to American troops and nurses during World War Two. The house is now called Alfoxton Park Hotel and has been privately owned since 2011.;South West;-
William Wordsworth (1770-1850);Dove Cottage, Grasmere;Grasmere, Ambleside LA22 9SH;54.4543444;-3.0164231;William Wordsworth (1770-1850) lived here in Dove Cottage from 1799 to 1808. Called by the poet 'the loveliest spot that man hath ever found’, the cottage is now being maintained as a museum by the Wordsworth Trust and is open to visitors.;North West;Museum (The Wordsworth Trust)
William Wordsworth (1770-1850);Rydal Mount and Gardens, Ambleside;Rydal Mount and Gardens, Rydal Mount, Ambleside LA22 9LU;54.44883369999999;-2.9819995;Home to William Wordsworth (1770-1850) from 1813 to his death in 1850, Rydal Mount in Ambleside currently is open to public as a museum.;North West;Museum
Samuel Taylor Coleridge (1772-1834);Coleridge Cottage, Bridgewater;35 Lime St, Nether Stowey, Bridgewater TA5 1NQ;51.1521695;-3.1578967;Samuel Taylor Coleridge (1772-1834) wrote his poem <em>The Rime of the Ancient Mariner</em> (1798) in what is now known as Coleridge Cottage, a house he rented between 1797 and 1799. The property was privately owned until 1909, after which it was donated to the National Trust. The house has been a a museum ever since.;South East;Writer’s home (The National Trust)
Samuel Taylor Coleridge (1772-1834);Greta Hall, Keswick;Greta Hall, Main St, Keswick CA12 5NH;54.6030968;-3.1416889;Samuel Taylor Coleridge (1772-1834) lived here with his family from 1800 until 1803 and was regularly visited here by his friend and fellow poet William Wordsworth. The house is currently used as a Bed & Breakfast.;North West;-
Samuel Taylor Coleridge (1772-1834);Coleridge House, London;Coleridge House, 15 Coleridge Rd, London N8 8EH;51.5774082;-0.1281348;Due to his opium addiction, Samuel Taylor Coleridge (1772-1834) took up residence in the Highgate homes of a physician in 1816. He would live there for the rest of his life, and would eventually die there, in 1834. Now, the house is privately owned, and was bought in 2011 by British model Kate Moss.;Greater London;-
Alfred Lord Tennyson (1809-1892);Somersby House, Somersby;Somersby House, PE23 4NR;53.2337494;0.0099469;Now a private home called Somersby House, the rectory in Somersby was home to the parents of Alfred Lord Tennyson (1809-1892) from 1808 to 1837. His Lincolnshire roots would later feature in much of his poetry.;East Midlands;-
Alfred Lord Tennyson (1809-1892);Beech Hill House, Reading;Beech Hill House, Manor Road, IG10 4AD;51.6629333;0.0304432;The property on this location, called Beech Hill House, was home to Alfred Lord Tennyson (1809-1892) from 1837 to 1840.;Greater London;-
Alfred Lord Tennyson (1809-1892);Chapel House, Twickenham;Chapel House, 15 Montpelier Row, Twickenham, TW1 2NQ;51.4506718;-0.3194678;Once described by him as ‘the most lovely house with a beautiful view in every room’, Alfred Lord Tennyson (1809-1892) wrote his poem <em>Ode on the Death of the Duke of Wellington</em> whilst living in Chapel House.;Greater London;Blue Plaque (English Heritage)
Alfred Lord Tennyson (1809-1892);Bedbury Lane, Freshwater;Bedbury Ln, Freshwater PO40 9PE;50.674674;-1.524372;Farringford House on the Isle of Wight was bought in 1856 by Alfred Lord Tennyson (1809-1892). Although he moved to West Sussex in 1869, he kept staying in the house during winters. The house was turned into a hotel in the 1940s, and is currently a self catering accommodation.;South East;-
Alfred Lord Tennyson (1809-1892);Aldworth House, Haslemere;Aldworth House, Tennyson's Ln, Haslemere GU27 3BJ;51.0689693;-0.6802273999999999;Alfred Lord Tennyson (1809-1892) moved to Aldworth House in 1869, where he would be visited by writer-friends like George Eliot and Henry James. Tennyson eventually passed away here in 1892, holding a copy of Shakespeare in his hands. The house was sold to a private owner in 2008.;South East;-
Kingsley Amis (1922–1995);Lemmons, London;Lemmons, Barnet EN5;51.6602811;-0.1921971;Kingsley Amis (1922-1995) wrote several novels in a house called Lemmons, as did his son Martin Amis (1949). Cecil Day-Lewis, father of actor Daniel Day-Lewis, died in this house and wrote his last poem <em>At Lemmons</em> whilst residing here.;Greater London;-
Virginia Woolf (1882-1941);Hyde Park, London ;22 Hyde Park Pl, London W2;51.5126797;-0.1654738;Birthplace of Virginia Woolf (1882-1941). The house was sold to a private owner after the death of her father in 1904. Her fathers death left Woolf bereaved and depressed.;Greater London;Blue Plaque (English Heritage)
Virginia Woolf (1882-1941);Gordon Square, London;46 Gordon Square, Kings Cross, London WC1H 0PD;51.52448039999999;-0.1300868;Virginia Woolf (1882-1941) moved to this house after the death of her father in 1904. The house was frequented by members of the Bloomsbury Group. A Blue Plaque marks the fact that economist John Maynard Keynes (1883–1946) also lived here, after Woolf moved.;Greater London;Blue Plaque (English Heritage)
Virginia Woolf (1882-1941);Talland House, Saint Ives;Trevail Apartments, 7 Talland Rd, Saint Ives TR26 2DF;50.209022;-5.479366;Talland House was rented by the father of Virginia Woolf (1882-1941) between 1881 and 1895. Woolf would later use the house and its surroundings - most notably the lighthouse of the coast of St. Ives - for her novel <em>To the Lighthouse</em> (1927).;South West;
Virginia Woolf (1882-1941);Monk’s House, Lewes;Rodmell, Lewes BN7 3HF;50.8386959;0.0165872;Loved for the 'shape and fertlity and wildness of the garden’, Virgina Woolf (1882-1941) discovered Monk’s House in 1919. The house is situated near the river Ouse, where she would drown herself in 1941. Her cremated remains were buried beneath an elm tree in the garden of Monk's House, by her husband Leonard. The house is now owned by the National Trust.;South East;Museum (National Trust)
Bram Stoker (1847-1912);St. George’s Square, London;26 St George's Square, Pimlico, London SW1V,;51.48889029999999;-0.1350325;Bram Stoker (1847-1912), born in Dublin, Ireland, lived and worked in London for 27 years as business manager. He died in this house in London 1912.;Greater London;-
Daphne du Marier (1907-1989);Cannon Hall, Hampstead;Cannon Hall, 14 Cannon Place, Hampstead, NW3;51.5602046;-0.1773481;This house was the family home of Daphne du Maurier (1907-1989), famous for novels such as <em>Rebecca</em> (1938) and <em>The Birds</em> (1952). English Heritage caused controversy in 2008 when they rejected an application to commemorate this house with a Blue Plaque. In 2011 a plaque was mounted by the Heath and Hampstead Society The house is privately owned.;Greater London;Plaque (Heath and Hampstead Society)
Daphne du Marier (1907-1989);Menabilly House, Tywardreath and Par;Tywardreath and Par, PL24;50.3576819;-4.691745;Home to Daphne du Maurier (1907-1989) from 1943 to 1969, Menabilly House formed the inspiration for Manderley, the country estate that plays a central role in Du Mauriers gothic novel <em>Rebecca</em> (1938);South West;-
George Orwell (1903-1950);Portobello Road, London;22 Portobello Rd, London W11 3DH;51.5112573;-0.1986868;Born in Motihari, India, George Orwell - born as Eric Arthur Blair (1903-1950) - moved to England as a small boy and lived on multiple locations in Oxfordshire. In 1927 he moved to this London house on Portobello Road, where a Blue Plaque commemorates his residence.;Greater London;Blue Plaque (English Heritage)
George Orwell (1903-1950);Canonbury Square, London;27B Canonbury Square, London N1 2AL;51.5436767;-0.0992618;George Orwell (1903-1950) moved here in the autumn of 1944, after a V-1 bomb struck his former home on Mortimer Crescent. He lived on Canonbury Square between 1944 and 1948, during which time <em>Animal Farm</em> (1945) was published and he started on writing <em>NineteenEightyFour</em> (1948).;Greater London;-
George Orwell (1903-1950);Montague House, Southwold;Montague House, Southwold High Street, Southwold, IP18 6DN;52.3271115;1.6755368;George Orwell (1903-1950) stayed in his family home on numerous occasions during his live. It was here that he worked on the novel <em>A Clergyman’s Daughter</em> (1935).;East Anglia;-
George Orwell (1903-1950);The Stores, Baldock;The Stores, 2 Kit's Lane, Wallington, Baldock, Hertfordshire SG7 6SP;51.9879941;-0.1215171;After the publication of <em>The Road to Wigan Pier</em> (1936), George Orwell (1903-1950) moved to this cottage in Wallington. He kept the cottage for more than ten years and wrote <em>Animal Farm</em> (1945) whilst living in The Stores. Here Orwell drew inspiration from the surrounding farm life. A commemorative plaque was placed here in 1989 by the Hertfordshire County Council. The plaque mistakenly refers to Orwell living here until 1940. He had the lease until 1947.;East Anglia;Commemorative Plaque (Hertfordshire County Council)
William Shakespeare (1564-1616);Shakespeare’s Birthplace, Stratford-upon-Avon;Henley St, Stratford-upon-Avon CV37 6QW;52.1939704;-1.7084317;Now called The Shakespeare Centre, or Shakespeare’s Birthplace, and open as a museum, this is the house where William Shakespeare (1564-1616) was born.;West Midlands;Museum (Shakespeare Birthplace Trust)
William Shakespeare (1564-1616);New Place, Stratford-upon-Avon ;22 Chapel St, Stratford-upon-Avon CV37 6EP;52.1908357;-1.7074775;Demolished in 1759, New Place was the final place of residence of William Shakespeare (1564-1616). He died there in 1616. The Shakespeare Birthplace Trust acquired New Place in 1876. Today the site is accessible through a museum that resides next to the plot of land.;West Midlands;Museum (Shakespeare Birthplace Trust)
John Donne (1573-1631);Pyrford Place, Pyrford;Pyrford Place, ’Summer House’, Pyrford, 8UB GU22;51.310646;-0.5432861;After an elopement, and time in prison, John Donne (1572-1631) retired to a small house in Pyrford, where he lived from 1600 to 1604.;South East;Blue Plaque (English Heritage)
Laurence Sterne (1713-1768);Main Street, Sutton-on-the-Forest;Main St, Sutton-on-the-Forest, York YO61;54.0747746;-1.1071052;House of Laurence Sterne (1713-1768), who was a vicar in Sutton-on-the-Forest from 1738 to 1768. Sterne's vicarage, next to the church, was destroyed by fire in 1765.;Yorkshire and the Humber;-
Laurence Sterne (1713-1768);Old Bond Street, London;41 Old Bond St, Mayfair, London W1S;51.5085152;-0.1404408;Less than a month after the publication of <em>Sentimental Journey</em> (1768), Laurence Sterne (1713-1768) died here at the age of 54. He was buried in the churchyard of St George's, Hanover Square.;Greater London;-
Geoffrey Chaucer (c. 1343 – 1400);Palace on the Pillars, London;Palace on the Pillars, Aldgate, Aldgate High Street, EC3N;51.5139669;-0.0755279;A wooden structure, called Palace on the Pillars, was built here in 2012 for the London summer Olympics, to mark the location of the historic Aldgate, the gateway where Geoffrey Chaucer (1343-1400) lived from 1374 to 1386. Aldgate, the original eastern most gateway of London, was demolished in 1761.;Greater London;Wooden Structure (Palace on the Pillars)
Iris Murdoch (1919-1999);Charlbury Road, Oxford;30 Charlbury Rd, Oxford OX2 6UU;51.772023;-1.2589887;Bought in 1988 by Iris Murdoch (1919-1999), the author of the Man Booker Prize-winning novel <em>The Sea, the Sea</em> (1978) died here in 1999.;South East;-
A.A. Milne (1882-1956);Cotchford Farm, Hartfield ;Cotchford Farm, Cotchford Ln, Hartfield TN7 4DN;51.0902283;0.106988;After he was injured during the Battle of the Somme, and being discharged in February 1919, A.A. Milne (1882-1956) first settled in London. In 1925 he bought this country home, Cotchford Farm, were the author would die in 1956, at the age of 74. The house also belonged to Rolling Stones-founder Brian Jones, who was found dead in the pool of Cotchford Farm in 1969.;South West;-
J.M. Barrie (1860-1937);Black Lake Cottage, Farnham;Black Lake Cottage, now known as ‘Barrie House’, Lobswood Manor, Tilford Road, Lower Bourne, Farnham GU10 3RW;51.1940798;-0.7789928;Bought in 1900, Black Lake Cottage became an escape for playwright J.M. Barrie (1860-1937). At Black Lake Cotage, he entertained the Llewelyn Davies family, well knowm for being the inspiration for the main characters in Peter Pan.;South East;-
J.M. Barrie (1860-1937);Bayswater Road, London;Bayswater Rd, London;51.511537;-0.1763168;J.M. Barrie not only lived here: the house inspired him to write about a boy who never grew up: Peter Pan. A statue of Pan was erected here in 1912. After Barrie got divorced in 1909, he sold the house to the widow of Antarctic explorer Robert Falcon Scott (1868-1912). The house was sold again in 2015.;Greater London;Statue (of Peter Pan)
Henry Williamson (1895-1977);Eastern Road, London;21 Eastern Rd, London SE4;51.4582705;-0.0250782;Birthplace of Henry Williamson (1895-1977), who would later become famous for his novel <em>Tarka the Otter</em> (1927).;Greater London;Blue Plaque (English Heritage)
Henry Williamson (1895-1977);Skirr Cottage, Georgeham;Church Rd, Croyde, Georgeham EX33 1JL;51.1374377;-4.1962632;After serving in the First World War, Henry Williamson (1895-1977) lived in Skirr Cottage from 1921 to 1925. Here he wrote his first published work, <em>The Beautiful Years</em> (1921) and <em>Tarka the Otter</em> (1927). Williamson is buried in the village churchyard.;South West;Blue Plaque (English Heritage)
Henry Williamson (1895-1977);Old Hall Farm, Stiffkey;Farmed Old Hall Farm, Stiffkey, NR23 1QQ;52.9495422;0.9231578;Henry Williamson (1895-1977), purchased Old Hall Farm in Stiffkey in 1936. After eight years he abandoned the farm and returned to Devon. He recorded his experiences in Stiffkey in <em>The Story of a Norfolk Farm</em> (1941).;East Anglia;Blue Plaque (English Heritage)
Henry Williamson (1895-1977);Wooden Writing Hut, Georgeham;Wooden Writing Hut, Ox's Cross, Oxford Cross, Georgeham, North Devon EX33;51.1387976;-4.2018034;In 1927 Henry Williamson (1895-1977) published his most acclaimed novel, <em>Tarka the Otter</em>, which won him the Hawthornden Prize in 1928. With the money he earned with <em>Tarka</em> he purchased a wooden hut near Georgeham. In this hut he wrote many of his books. The wooden writing hut was granted Grade II listed status by English Heritage in July 2014 because of its ‘historical interest’. In the mid 1970s Williamson built a manor house on the plot of land, next to the wooden writing hut. That house was put on market in 2014. Williamsons body is buried in the churchyard of Georgeham.;South West;Grade II listed
Lewis Carroll (1832-1898);Lewis Carroll’s Birthplace, Daresbury;Daresbury Parsonage, Morphany Lane, Daresbury, WA4;53.3219696;-2.617979;Lewis Carroll (Charles Dodgson, 1832-1898) was born in Daresbury in 1832 and lived there until 1843. Destroyed by fire over a hundred years ago, all that remains of his birth home is a brick outline, that is being maintained by the National Trust as the Lewis Carroll’s Birthplace.;North West;The National Trust
Lewis Carroll (1832-1898);The Mill Race, Croft on Tees;The Mill Race, Croft on Tees, North Yorkshire, DL2 2SG;54.4831304;-1.5558308;This rectory in Croft was where the family of Lewis Carroll (1832-1898)  lived for 25 years. Carroll supposedly based the grinning Cheshire Cat, that appears in <em>Alice in Wonderland</em> (1865), on a carving in Croft Church.;Yorkshire and the Humber;-
Lewis Carroll (1832-1898);The Chestnuts, Guildford;The Chestnuts, Castle Hill, Guildford, GU1 3SX;51.2334144;-0.5736977;Lewis Carroll (1832-1898) passed away in The Chestnuts in 1898. He is buried close by in Guildford, at the Mount Cemetery.;South East;Memorial plaque
D.H. Lawrence (1885-1930);D.H. Lawrence Birthplace Museum, Nottingham;8a Victoria St, Eastwood, Nottingham NG16 3AW;53.018567;-1.3070662;Now the D.H. Lawrence Birthplace Museum, D.H. Lawrence (1885-1930) was born here in 1885.;East Midlands;Museum
D.H. Lawrence (1885-1930);Mountain Cottage, Middleton-by-Wirksworth;Mountain Cottage, Via Gellia, Middleton-by-Wirksworth, DE4 4;53.1041734;-1.6079363;Described by himself as a ‘nice place’, D.H. Lawrence (1885-1930) lived in Mountain Cottage for almost a year, from 1918 to early 1919. Here he wrote his short story <em>Wintry Peacock</em>, published in 1921.;East Midlands;-
Evelyn Waugh (1903-1966);Hillfield Road, London;11 Hillfield Rd, London NW6 1QD;51.5519233;-0.2008691;Birthplace of Evelyn Waugh (1903-1966), writer of <em>Brideshead Revisited</em> (1945).;Greater London;-
Evelyn Waugh (1903-1966);Underhill, London;145 N End Rd, London NW11 7HT;51.5696975;-0.1859283;Referred to by Evelyn Waugh (1903-1966) as a ‘pleasure garden’, Waugh came to live in Underhill in 1907, in a house his father built.;Greater London;-
Evelyn Waugh (1903-1966);Piers Court, Dursley;Piers Court, Stinchcombe, Dursley GL11 6AS;51.68234500000001;-2.3845782;Evelyn Waugh (1903-1966) got married in London in 1937. As a wedding present, the bride's grandmother gave the newly weds Piers Court, a country house in Gloucestershire. Waugh lived here until 1956.;South West;-
Evelyn Waugh (1903-1966);Combe Florey House, Taunton;Combe Florey House, Combe Florey, Taunton TA4 3JD;51.0743751;-3.2128819;Combe Florey House was owned by Evelyn Waugh (1903-1966) and his son Auberon from 1956. Waugh died in this house and is buried in the Anglican churchyard nearby.;South West;-
Mary Shelley (1797-1851);Albion House, Marlow;Institute Rd, Marlow SL7 1BB;51.5703678;-0.7743203;Mary Shelley (1797-1851) moved to Albion House in Buckinghamshire in 1817 and lived there for a year. It was here that she completed <em>Frankenstein</em> (1818).;South East;-
Mary Shelley (1797-1851);Chester Square, London ;24 Chester Square, Belgravia, London SW1W;51.4950334;-0.1502838;On 1 February 1851, Mary Shelley (1797-1851) passed away at the age of fifty-three in this house on Chester Square, where she had moved to in 1846.;Greater London;-
Anthony Trollope (1815-1882);Waltham House, London;104 High St, Waltham Cross EN8 7BX;51.6849195;-0.0327544;Anthony Trollope (1815-1882) lived at Waltham House for twelve years, from 1859 to 1871, and wrote most of his novels here. Waltham House was demolished in 1936 and the site is now occupied by a pub.;Greater London;A Pub with a literary theme
Anthony Trollope (1815-1882);The Grange, South Harting;North Ln, Petersfield GU31;50.971596;-0.8808163999999999;In 1880, Anthony Trollope (1815-1882) moved The Grange, South Harting. where he would die two years later, in 1882. Both his pen, paperknife and letter scales are on display in the parish church.;South East;-
Robert Louis Stevenson (1850-1894);Skerryvore, Bournemouth;Skerryvore, 8DU,, 63 Alum Chine Rd, Bournemouth BH4;50.7193413;-1.9042553;Destroyed in 1940 at the beginning of the Second World War, Scottish born Robert Louis Stevenson (1850-1894) lived in a house called Skerryvore between 1885 and 1887. It was here that he wrote <em>The Strange Case of Dr Jekyll and Mr Hyde</em> (1886). The house was named after the tallest lighthouse in Scotland, that was built by Stevensons’ uncle. A memorial garden, dedicated to the writer, is situated on the plot.;South West;Memorial plaque
J.R.R.Tolkien (1892-1973);Wake Green Road, Birmingham;264 Wake Green Rd, Birmingham B13 9QF;52.4350356;-1.8582925;Home to J.R.R. Tolkien (1892-1973) between 1896 and 1900. Tolkien based many elements from his <em>The Lord of the Rings</em>-trilogy on the surroundings of this house in Birmingham.;West Midlands;-
J.R.R. Tolkien (1892-1973);Darnley Road, Leeds;2 Darnley Rd, Leeds LS16 5JF;53.8331368;-1.5939613;In 1920 J.R.R. Tolkien (1892-1973) became professor in English at the University of Leeds and moved to this house. It was here that he produced his academic standard work <em>Sir Gawain and the Green Knight</em> (1925).;Yorkshire and the Humber;Blue Plaque (English Heritage)
J.R.R. Tolkien (1892-1973);Northmoor Road, Oxford;20 Northmoor Rd, Oxford OX2 6UR;51.770903;-1.2604332;J.R.R. Tolkien (1892-1973) lived here from 1930 to 1947 and wrote both <em>The Hobbit</em> (1937) and the first two books of the <em>The Lord of the Rings</em>-trilogy whilst living in this house.;South East;Blue Plaque (English Heritage)
C.S. Lewis (1898-1963);The Kilns, Oxford;The Kilns, Oxford OX3 8JD;51.7567405;-1.1899121;In 1930 C.S. Lewis (1898-1963) moved into The Kilns, a house on the outskirts of Oxford. In The Kilns Lewis took in child evacuees during the Second World War. He died here in 1963.;South East;-
Roald Dahl (1916-1990);The Roald Dahl Museum, Great Missenden;Gipsy House, Whitefield Lane, HP16 0BP;51.6477658;-0.8498895;Roald Dahl (1916-1990) lived here from 1954 to his death in 1990. Inspired by his favourite author Dylan Thomas (1914-1953), who wrote in a shed overlooking the Taf Estuary during the last eight years of his life, Dahl wrote many of his most famous novels whilst working in his  own writing hut in the garden of his house at Great Missenden, now open as a museum. ;South East;-
Rudyard Kipling (1865-1936);Lorne Lodge, Southsea;Lorne Lodge, 4 Campbell Road, PO5, Southsea;50.7901161;-1.0834609;Born in Bombay, India, Rudyard Kipling (1865-1936) moved to England when he was five years old and lived in Southsea from 1871 to 1877.;;-
Rudyard Kipling (1865-1936);Kipling House, London;Kipling House, 43 Villiers St, London WC2N 6NE;51.5079959;-0.1234603;Rudyard Kipling (1865-1936) stayed here for two years and wrote his first magazine articles whilst living in what is now called Kipling House.;Greater London;Kipling House’
Rudyard Kipling (1865-1936);Rock House, Torquay;Torquay;50.4619209;-3.525315;Rudyard Kipling (1865-1936) lived in ‘dream home’ Rock House in Torquay, Cornwall, for a year, from 1896 to 1897, after living in America.;South West;-
Rudyard Kipling (1865-1936);Bateman’s, Burwash;Bateman's Ln, Burwash, Etchingham TN19 7DS;50.9893081;0.3794807;‘It is a good and peaceable place. We have loved it ever since our first sight of it.’ Rudyard Kipling (1865-1936) bought Bateman's in 1902 and lived here until his death in 1936. The Jacobean mansion is now in the hands of the National Trust and open to public.;South East;Museum (National Trust)
H.G. Wells (1866-1946);Atlas House, Bromley;Atlas House, 46 High Street, BR1 1EA, Bromley;51.4012279;0.0139622;H.G. Wells (1866-1946) was born in Atlas House in 1866.;South East;-
H. G. Wells (1866-1946);Uppark, Petersfield;Uppark House, South Harting, Petersfield, West Sussex, GU31 5QR;50.9559152;-0.8997576;Now maintained by the National Trust, Uppark was the boyhood home of H.G. Wells (1866-1946), the house where his mother was a housekeeper between 1880 and 1893. Here Wells would immerse himself in the books of Uppark’s private library.;South East;Museum (National Trust)
H.G. Wells (1866-1946);Maybury Road, Woking;143 Maybury Rd, Woking GU21 5JR;51.3245139;-0.5432667999999999;H.G. Wells (1866-1946) wrote <em>The War of the Worlds</em> (1898) whilst living here during the 1890s.;South East;-
H.G. Wells (1866-1946);Wells House, Folkestone;Radnor Cliff Cres, Folkestone CT20;51.0755341;1.1540891;Now called Wells House, a nursing home, H.G. Wells (1866-1946) built this house in 1901 and lived there until 1909.;South East;Blue Plaque (English Heritage)
H.G. Wells (1866-1946);Hanover Terrace, London;13 Hanover Terrace, Marylebone, London NW1 4RJ;51.5278637;-0.163057;H.G. Wells (1866-1946) died in this London house in 1946, aged 79.;Greater London;-
Beatrix Potter (1866-1943);Bolton Gardens, London ;2 Bolton Gardens, Kensington, London SW5;51.4906431;-0.1887717;Birthplace of Beatrix Potter (1866-1943), who would later became famous as the creator of Peter Rabbit.;Greater London;-
Beatrix Potter (1866-1943);Hill Top Farm, Near Sawrey;Near Sawrey, Ambleside LA22 0LF;54.3521272;-2.9711875;After the death of her husband, Beatrix Potter (1866-1943) bought Hill Top Farm in Near Sawrey, situated in the English Lake District. Potter claimed she had always wanted to live in the ‘charming village’ of Near Sawrey. Potter died in Castle Cottage in 1943, and her remains were cremated nearby. Potter left nearly all her property to the National Trust.;North West;Museum (National Trust)
Samuel Beckett (1906-1989);Paultons Square, London;48 Paultons Square, Chelsea, London SW3 5DT;51.4847028;-0.1734346;Irish born playwright and Nobel Prize-winner Samuel Beckett (1906-1989) lived in here in 1934.;Greater London;Blue Plaque (English Heritage)
John Betjeman (1906-1984);Parliament Hill Mansions, London ;Parliament Hill Mansions, Lissenden Gardens, Highgate, London NW5 1NA;51.5565457;-0.1498991;John Betjeman (1906-1984), Poet Laureate, was born here in 1906.;Greater London;Blue Plaque (English Heritage)
John Betjeman (1906-1984);Highgate Hill, London;31 Highgate W Hill, Highgate, London N6 6NP;51.5647664;-0.1532208;Childhood home of John Betjeman (1906-1984).;Greater London;Blue Plaque (English Heritage)
John Betjeman (1906-1984);Garrard's Farm, Uffington;Garrard's Farm, Uffington, Vale of White Horse, Oxfordshire, SN7;51.5994 ;-1.5611;Home to John Betjeman (1906-1984), who became churchwarden at Uffington in 1937. In 2006 a Blue Plaque was erected here.;South East;Blue Plaque (English Heritage)
John Betjeman (1906-1984);Treen, Trebetherick;Treen, 6 Daymer Lane, Trebetherick, PL27, Cornwall;50.5651967;-4.9214901;John Betjeman (1906-1984) dedicated a poem to the Cornish town Trebetherick, where he died in 1984. He is buried at St Enodoc’s Church.;South West;-
John Dryden (1631-1700);The Manor House, Kettering;The Manor House, 1 Thorpe Rd, Aldwincle, Kettering NN14 3EA;52.42237489999999;-0.5145331;John Dryden (1631-1700) was born in the village rectory of this town in Northamptonshire.;East Midlands;-
John Dryden (1631-1700);Brookside Farmhouse, Titchmarsh;Brookside Farmhouse, Titchmarsh, NN14;52.4015575;-0.5186317;Brookside Farmhouse is believed to be the family home of John Dryden (1631-1700).;East Midlands;-
C.S. Forester (1899-1966);Longton Avenue, London;7 Longton Ave, London SE26;51.4281047;-0.06559369999999999;C.S. Forester (1899-1966) moved here in 1932. In this house he wrote some of his <em>Horatio Hornblower</em>-novels.;Greater London;-
Elizabeth Gaskell, (1810-1865);Cheyne Walk, London;93 Cheyne Walk, Chelsea, London SW3 5BB;51.4821536;-0.1734337;Birthplace of Elizabeth Gaskell (1810-1865). She moved out of this house a month after she was born, due to the death of her mother.;Greater London;-
Elizabeth Gaskell (1810-1865);The Elizabeth Gaskell’s House, Manchester;84 Plymouth Grove, Manchester M13 9LW;53.46362269999999;-2.2211218;In 1832, Elizabeth Gaskell (1810-1865) settled in this house in Manchester. The house fell in disrepair after the Gaskell family moved out in 1913. In 2004 the house was acquired by the Manchester Historic Buildings Trust and was restored. Since 2011 the house is open to the public as The Elizabeth Gaskell’s House.;North West;The Elizabeth Gaskell’s House
William Golding (1911-1993);Mount Wise, Newquay;47 Mount Wise, Newquay TR7;50.4116802;-5.0824984;Birthplace William Golding (1911-1993), author of <em>Lord of the Flies</em> (1954) and winner of the Nobel Prize for Literature (1983).;South West;-
William Golding (1911-1993);Tullimaar House, Perranarworthal;Tullimaar House, Perranarworthal, Cornwall, TR3;50.2081;-5.1091;In 1985, William Golding (1911-1993) moved to Tullimaar House in Perranarworthal, Cornwall, where he died eight years later. Tullimaar House is still owned by the Golding-family.;South West;-
Kenneth Grahame (1859-1932);Cookham Dean Bottom, Cookham;6 Cookham Dean Bottom, Cookham, Maidenhead SL6;51.5626984;-0.7425917999999999;After the death of his mother, Scottish born author Kenneth Grahame (1859-1932) moved to a house in Cookham.  The surrounding countryside inspired the setting for <em>The Wind in the Willows</em> (1908).;;-
Robert Graves (1895-1985);Lauriston Road, London ;1 Lauriston Rd, Wimbledon, London SW19;51.4209878;-0.2211757;Birthplace of Robert Graves (1895-1985), writer of the World War One-memoir <em>Goodbye to All That</em> (1929).;Greater London;Blue Plaque (English Heritage)
Robert Graves (1895-1985);The Worlds End, Kidlington;The Worlds End, Collice Street, Islip, Kidlington OX5 2TB;51.8208388;-1.2362480;Home to Robert Graves (1895-1985). Here he discussed poetry with his friend T.E. Lawrence.;South East;-
Ted Hughes (1930-1998);Aspinall Street, Mytholmroyd;1 Aspinall St, Mytholmroyd, Hebden Bridge HX7 5NL;53.7316707;-1.9811214;Birthplace of Ted Hughes (1930-1998), who would late become Poet Laureate.;Yorkshire and the Humber;-
Ted Hughes (1930-1998);Eltisley Avenue, Cambridge;55 Eltisley Ave, Cambridge CB3 9JQ;52.1939196;0.1086772;Ted Hughes (1930-1998) moved to this house in 1956 with his wife, the American poet Sylvia Plath (1932-1963).;East Anglia;-
Aldous Huxley (1894-1963);Priorsfield Road, Godalming;Priorsfield Rd, Godalming GU7 2RH;51.2070477;-0.6406004;Birthplace of Aldous Huxley (1894-1963), writer of <em>Brave New World</em> (1932).;South East;-
John Keats (1795-1821);Swan & Hoop, Moorgate;Swan & Hoop, 85 Moorgate, EC2;51.5177563;-0.0910051;Birthplace of Romantic poet John Keats (1795-1821).;Greater London;-
John Keats (1795-1821);St Thomas Street, London;28 St Thomas St, London SE1;51.5046135;-0.0884244;After registering as a medical student at Guy’s Hospital in 1815, John Keats (1795-1821) lodged in this Southwark home with other medical students.;Greater London;-
John Keats (1795-1821);Well Walk, Hampstead, London;1 Well Walk, Hampstead, London NW3;51.5577649;-0.1745545;After living as a medical student in Londen, John Keats moved to the village of Hampstead in 1817 with his brothers. Here he lived close to friend and fellow poet Samuel Taylor Coleridge (1772-1834).;;-
John Keats (1795-1821);Keats House Museum, London;10 Keats Grove, Hampstead, London NW3 2RR;51.555497;-0.1680833;Now the Keats House Museum, John Keats (1795-1821) had one of his most productive years in what was then called Wentworth Place, where he moved to in 1818. Here he wrote five of his six great odes.;Greater London;The Keats House Museum
Philip Larkin (1922-1985);Poultney Road, Coventry;2 Poultney Rd, Coventry CV6 1JB;52.4234158;-1.5251435;Birthplace of Philip Larkin (1922-1985).;West Midlands;-
Philip Larkin (1922-1985);Pearson Park, Hull ;32 Pearson Park, Hull HU5;53.7578024;-0.3570597;Home to Philip Larkin (1922-1985) from 1956 to 1974, after he became librarian at the University of Hull.;Yorkshire and the Humber;-
Philip Larkin (1922-1985);Newland Park, Hull;105 Newland Park, Hull HU5;53.7652869;-0.3712743;Home to Philip Larkin (1922-1985) from 1974 until his death in 1985.;Yorkshire and the Humber;-
Ford Madox Ford (1873-1939);Kingston Road, Epsom;245 Kingston Rd, Epsom KT19;51.3631985;-0.2568337;Birthplace of Ford Madox Ford (1873-1939).;South East;-
Percy Bysshe Shelley (1792-1822);Field Place, Horsham;Field Place, Broadbridge Heath, Horsham RH12 3PB;51.07773659999999;-0.3649576;Birthplace of Percy Bysshe Shelley (1792-1822).;South East;-
Percy Bysshe Shelley (1792-1822);Bishops Grove, Windlesham;Bishops Grove, Windlesham GU20 6QQ;51.3649066;-0.6591446999999999;Percy Bysshe Shelley (1792-1822) moved to Windlesham in 1815 and wrote his allegorical poem <em>Alastor, or The Spirit of Solitude</em> here in 1815, seen as his first major achievement as a poet.;South East;Shelley’s Cottage’
Wilkie Collins (1824-1889);New Cavendish Street, London;11 New Cavendish St, Marylebone, London W1G;51.5187711;-0.1506042;Birthplace of Wilkie Collins (1824-1889), known to be the writer of the first English detective novel, and famous for his collaborations with Charles Dickens (1812-1870).;Greater London;-
John Galsworthy (1867-1933);Galsworthy House, Kingston upon Thames ;Galsworthy House, 177 Kingston Hill, Kingston upon Thames KT2 7LX;51.4274006;-0.273239;Now Galsworthy House Care Home, this house was the birthplace of John Galsworthy (1867-1933), known for <em>The Forsyte Saga (1906-1921) and winner of the Nobel Prize for Literature (1932).;South East;-
John Galsworthy (1867-1933);Bury House, Pulborough;Bury House, The St, Bury, Pulborough RH20 1PF;50.9089847;-0.5640817;Bury House is the home were John Galsworthy (1867-1933) lived during the last seven years of his life, from 1926 to 1933. Unable to attend the Nobel Prize ceremony (1932), due to illness, Galsworthy eventually died in his London home, Grove Lodge.;South East;-
Muriel Spark (1918-2006);Baldwin Cres, London;13 Baldwin Cres, Camberwell, London SE5 9LQ;51.4750206;-0.09879869999999999;Scottish born Muriel Spark (1918-2006) lived for ten years in this London home, between 1955 and 1965.;Greater London;-
Grahame Greene (1904-1991);Harston House, Harston;Harston House, Harston, South Cambridgeshire CB22;52.1408844;0.0530195;Bought by his uncle William in 1893, Graham Greene (1904-1991) came here often as a boy. He would later claim the house and its library influenced him as a reader and writer: ‘It was at Harston I found quite suddenly I could read.’;East Anglia;
George Bernard Shaw (1856-1950);Shaw’s Corner, Ayot St Lawrence;Bibbs Hall Ln, Ayot St Lawrence, Welwyn AL6 9BX;51.835921;-0.269356;Shaw’s Corner, in Ayot St Lawrence, was home to Irish born George Bernard Shaw (1856-1950) from 1906 to his death in 1950. In the garden of the property, now owned by the National Trust, stands Shaw’s wooden rotating writing hut, where he wrote many of his plays.;East Anglia;Museum (National Trust)
Agatha Christie (1890-1976);Greenway House, Brixham;Greenway House, Kingswear, Brixham TQ5 0ES;50.382445;-3.5908557;Called an ‘ideal house, a dream house’, Greenway House was the holiday home of Agatha Christie (1890-1976). Here she spend summers and Christmases with friends and family. The house is now in the hands of the National Trust and open to public.;;